Workbook

Sheet RAW_DATA
A1: Country | B1: Region | C1: Happiness Rank | D1: Happiness Score | E1: Lower Confidence Interval | F1: Upper Confidence Interval | G1: Economy (GDP per Capita) | H1: Family | I1: Health (Life Expectancy) | J1: Freedom | K1: Trust (Government Corruption) | L1: Generosity | M1: Dystopia Residual
A2: Denmark | B2: Western Europe | C2: 1 | D2: 7.526 | E2: 7.46 | F2: 7.592 | G2: 1.44178 | H2: 1.16374 | I2: 0.79504 | J2: 0.57941 | K2: 0.44453 | L2: 0.36171 | M2: 2.73939
A3: Switzerland | B3: Western Europe | C3: 2 | D3: 7.509 | E3: 7.428 | F3: 7.59 | G3: 1.52733 | H3: 1.14524 | I3: 0.86303 | J3: 0.58557 | K3: 0.41203 | L3: 0.28083 | M3: 2.69463
A4: Iceland | B4: Western Europe | C4: 3 | D4: 7.501 | E4: 7.333 | F4: 7.669 | G4: 1.42666 | H4: 1.18326 | I4: 0.86733 | J4: 0.56624 | K4: 0.14975 | L4: 0.47678 | M4: 2.83137
A5: Norway | B5: Western Europe | C5: 4 | D5: 7.498 | E5: 7.421 | F5: 7.575 | G5: 1.57744 | H5: 1.1269 | I5: 0.79579 | J5: 0.59609 | K5: 0.35776 | L5: 0.37895 | M5: 2.66465
A6: Finland | B6: Western Europe | C6: 5 | D6: 7.413 | E6: 7.351 | F6: 7.475 | G6: 1.40598 | H6: 1.13464 | I6: 0.81091 | J6: 0.57104 | K6: 0.41004 | L6: 0.25492 | M6: 2.82596
A7: Canada | B7: North America | C7: 6 | D7: 7.404 | E7: 7.335 | F7: 7.473 | G7: 1.44015 | H7: 1.0961 | I7: 0.8276 | J7: 0.5737 | K7: 0.31329 | L7: 0.44834 | M7: 2.70485
A8: Netherlands | B8: Western Europe | C8: 7 | D8: 7.339 | E8: 7.284 | F8: 7.394 | G8: 1.46468 | H8: 1.02912 | I8: 0.81231 | J8: 0.55211 | K8: 0.29927 | L8: 0.47416 | M8: 2.70749
A9: New Zealand | B9: Australia and New Zealand | C9: 8 | D9: 7.334 | E9: 7.264 | F9: 7.404 | G9: 1.36066 | H9: 1.17278 | I9: 0.83096 | J9: 0.58147 | K9: 0.41904 | L9: 0.49401 | M9: 2.47553
A10: Australia | B10: Australia and New Zealand | C10: 9 | D10: 7.313 | E10: 7.241 | F10: 7.385 | G10: 1.44443 | H10: 1.10476 | I10: 0.8512 | J10: 0.56837 | K10: 0.32331 | L10: 0.47407 | M10: 2.5465
A11: Sweden | B11: Western Europe | C11: 10 | D11: 7.291 | E11: 7.227 | F11: 7.355 | G11: 1.45181 | H11: 1.08764 | I11: 0.83121 | J11: 0.58218 | K11: 0.40867 | L11: 0.38254 | M11: 2.54734
A12: Israel | B12: Middle East and Northern Africa | C12: 11 | D12: 7.267 | E12: 7.199 | F12: 7.335 | G12: 1.33766 | H12: 0.99537 | I12: 0.84917 | J12: 0.36432 | K12: 0.08728 | L12: 0.32288 | M12: 3.31029
A13: Austria | B13: Western Europe | C13: 12 | D13: 7.119 | E13: 7.045 | F13: 7.193 | G13: 1.45038 | H13: 1.08383 | I13: 0.80565 | J13: 0.54355 | K13: 0.21348 | L13: 0.32865 | M13: 2.69343
... A158: Burundi | B158: Sub-Saharan Africa | C158: 157 | D158: 2.905 | E158: 2.732 | F158: 3.078 | G158: 0.06831 | H158: 0.23442 | I158: 0.15747 | J158: 0.0432 | K158: 0.09419 | L158: 0.2029 | M158: 2.10404

Sheet WORKING_DATA
A1: Country | B1: Region | C1: Happiness Rank | D1: Happiness Score | E1: Lower Confidence Interval | F1: Upper Confidence Interval | G1: Economy (GDP per Capita) | H1: Family | I1: Health (Life Expectancy) | J1: Freedom | K1: Trust (Government Corruption) | L1: Generosity | M1: Dystopia Residual
A2: Denmark | B2: Western Europe | C2: 1 | D2: 7.526 | E2: 7.46 | F2: 7.592 | G2: 1.44178 | H2: 1.16374 | I2: 0.79504 | J2: 0.57941 | K2: 0.44453 | L2: 0.36171 | M2: 2.73939
A3: Switzerland | B3: Western Europe | C3: 2 | D3: 7.509 | E3: 7.428 | F3: 7.59 | G3: 1.52733 | H3: 1.14524 | I3: 0.86303 | J3: 0.58557 | K3: 0.41203 | L3: 0.28083 | M3: 2.69463
A4: Iceland | B4: Western Europe | C4: 3 | D4: 7.501 | E4: 7.333 | F4: 7.669 | G4: 1.42666 | H4: 1.18326 | I4: 0.86733 | J4: 0.56624 | K4: 0.14975 | L4: 0.47678 | M4: 2.83137
A5: Norway | B5: Western Europe | C5: 4 | D5: 7.498 | E5: 7.421 | F5: 7.575 | G5: 1.57744 | H5: 1.1269 | I5: 0.79579 | J5: 0.59609 | K5: 0.35776 | L5: 0.37895 | M5: 2.66465
A6: Finland | B6: Western Europe | C6: 5 | D6: 7.413 | E6: 7.351 | F6: 7.475 | G6: 1.40598 | H6: 1.13464 | I6: 0.81091 | J6: 0.57104 | K6: 0.41004 | L6: 0.25492 | M6: 2.82596
A7: Canada | B7: North America | C7: 6 | D7: 7.404 | E7: 7.335 | F7: 7.473 | G7: 1.44015 | H7: 1.0961 | I7: 0.8276 | J7: 0.5737 | K7: 0.31329 | L7: 0.44834 | M7: 2.70485
A8: Netherlands | B8: Western Europe | C8: 7 | D8: 7.339 | E8: 7.284 | F8: 7.394 | G8: 1.46468 | H8: 1.02912 | I8: 0.81231 | J8: 0.55211 | K8: 0.29927 | L8: 0.47416 | M8: 2.70749
A9: New Zealand | B9: Australia and New Zealand | C9: 8 | D9: 7.334 | E9: 7.264 | F9: 7.404 | G9: 1.36066 | H9: 1.17278 | I9: 0.83096 | J9: 0.58147 | K9: 0.41904 | L9: 0.49401 | M9: 2.47553
A10: Australia | B10: Australia and New Zealand | C10: 9 | D10: 7.313 | E10: 7.241 | F10: 7.385 | G10: 1.44443 | H10: 1.10476 | I10: 0.8512 | J10: 0.56837 | K10: 0.32331 | L10: 0.47407 | M10: 2.5465
A11: Sweden | B11: Western Europe | C11: 10 | D11: 7.291 | E11: 7.227 | F11: 7.355 | G11: 1.45181 | H11: 1.08764 | I11: 0.83121 | J11: 0.58218 | K11: 0.40867 | L11: 0.38254 | M11: 2.54734
A12: Israel | B12: Middle East and Northern Africa | C12: 11 | D12: 7.267 | E12: 7.199 | F12: 7.335 | G12: 1.33766 | H12: 0.99537 | I12: 0.84917 | J12: 0.36432 | K12: 0.08728 | L12: 0.32288 | M12: 3.31029
A13: Austria | B13: Western Europe | C13: 12 | D13: 7.119 | E13: 7.045 | F13: 7.193 | G13: 1.45038 | H13: 1.08383 | I13: 0.80565 | J13: 0.54355 | K13: 0.21348 | L13: 0.32865 | M13: 2.69343
... A158: Burundi | B158: Sub-Saharan Africa | C158: 157 | D158: 2.905 | E158: 2.732 | F158: 3.078 | G158: 0.06831 | H158: 0.23442 | I158: 0.15747 | J158: 0.0432 | K158: 0.09419 | L158: 0.2029 | M158: 2.10404

Sheet PIVOT_TOP_TEN_HAPPIEST_COUNTRIE

Sheet SUMMARY
A2: HAPPINESS OVERVIEW | E2: GDP(ECONOMY) | H2: GENEROSITY
A3: HIGHEST LEVEL | C3: =MAX(WORKING_DATA!D1:D158) -> 7.526 | E3: HIGHEST GDP | F3: =MAX(WORKING_DATA!G1:G158) -> 1.82427 | H3: HIGHEST GENEROSITY | J3: =MAX(WORKING_DATA!L1:L158) -> 0.81971
A4: LOWEST LEVEL | C4: =MIN(WORKING_DATA!D1:D158) -> 2.905 | E4: LOWEST GDP | F4: =MIN(WORKING_DATA!G1:G158) -> 0 | H4: LOWEST GENEROSITY | J4: =MIN(WORKING_DATA!L1:L158) -> 0
A5: TOTAL COUNTRIES RANKED | C5: =COUNTA(WORKING_DATA!D1:D158)-1 -> 157 | E5: AVERAGE GDP | F5: =AVERAGE(WORKING_DATA!D1:D158) -> 5.3821847
A8: HEALTH | E8: HAPPINESS RANK PER COUNTRY | I8: GDP RANK PER COUNTRY
A9: HEALTHIEST COUNTRY | C9: =MAX(WORKING_DATA!I1:I158) -> 0.95277 | E9: HAPPIEST COUNTRY | G9: {=INDEX(WORKING_DATA!A:A, MATCH(MAX(WORKING_DATA!D1:D158), WORKING_DATA!D:D, 0))} -> Denmark | I9: HIGHEST GDP | J9: {=INDEX(WORKING_DATA!A1:A158, MATCH(MAX(WORKING_DATA!G1:G158), WORKING_DATA!G1:G158, 0))} -> Qatar
A10: LEAST HEALTHY | C10: =MIN(WORKING_DATA!I1:I158) -> 0 | E10: LEAST HAPPY | G10: {=INDEX(WORKING_DATA!A:A, MATCH(MIN(WORKING_DATA!D1:D158), WORKING_DATA!D1:D158, 0))} -> Burundi | I10: LOWEST GDP | J10: {=INDEX(WORKING_DATA!A1:A158, MATCH(MIN(WORKING_DATA!G1:G158), WORKING_DATA!G1:G158, 0))} -> Somalia
A13: HEALTH RANK PER COUNTRY | E13: GENEROSITY RANK PER COUNTRY
A14: HEALTHIEST COUNTRY | C14: {=INDEX(WORKING_DATA!A1:A158, MATCH(MAX(WORKING_DATA!I1:I158), WORKING_DATA!I1:I158, 0))} -> Hong Kong | E14: MOST GENEROUS COUNTRY | G14: {=INDEX(WORKING_DATA!A1:A158, MATCH(MAX(WORKING_DATA!L1:L158), WORKING_DATA!L1:L158, 0))} -> Myanmar
A15: LEAST HEALTHY COUNTRY | C15: {=INDEX(WORKING_DATA!A1:A158, MATCH(MIN(WORKING_DATA!I1:I158), WORKING_DATA!I1:I158, 0))} -> Sierra Leone | E15: LEAST GENEROUS COUNTRY | G15: {=INDEX(WORKING_DATA!A1:A158, MATCH(MIN(WORKING_DATA!L1:L158), WORKING_DATA!L1:L158, 0))} -> Greece
B18: REGIONAL BREAKDOWN | H18: REGIONAL BREAKDOWN CHART
A20: REGION | D20: AVERAGE HAPPINESS
A21: WESTERN EUROPE | D21: =AVERAGEIF(WORKING_DATA!B1:B158, "Western Europe", WORKING_DATA!D1:D158) -> 6.6856667
A22: AUSTRALIA AND NEW ZEALAND | D22: =AVERAGEIF(WORKING_DATA!B1:B158, "Australia and New Zealand", WORKING_DATA!D1:D158) -> 7.3235
A23: SUB-SAHARAN AFRICA | D23: =AVERAGEIF(WORKING_DATA!B1:B158, "Sub-Saharan Africa", WORKING_DATA!D1:D158) -> 4.1364211
A24: NORTH AMERICA | D24: =AVERAGEIF(WORKING_DATA!B1:B158, "North America", WORKING_DATA!D1:D158) -> 7.254
A25: SOUTHERN ASIA | D25: =AVERAGEIF(WORKING_DATA!B1:B158, "Southern Asia", WORKING_DATA!D1:D158) -> 4.5632857
A26: MIDDLE EAST AND NORTHERN AFRICA | D26: =AVERAGEIF(WORKING_DATA!B1:B158, "Middle East and Northern Africa", WORKING_DATA!D1:D158) -> 5.3860526
A27: LATIN AMERICA AND CARIBBEAN | D27: =AVERAGEIF(WORKING_DATA!B1:B158, "Latin America and Caribbean", WORKING_DATA!D1:D158) -> 6.10175
A28: CENTRAL AND EASTERN EUROPE | D28: =AVERAGEIF(WORKING_DATA!B1:B158, "Central and Eastern Europe", WORKING_DATA!D1:D158) -> 5.3706897
A29: SOUTHEASTERN ASIA | D29: =AVERAGEIF(WORKING_DATA!B1:B158, "Southeastern Asia", WORKING_DATA!D1:D158) -> 5.3388889
A30: EASTERN ASIA | D30: =AVERAGEIF(WORKING_DATA!B1:B158, "Eastern Asia", WORKING_DATA!D1:D158) -> 5.6241667

Sheet DASHBOARD 
C2: REGIONAL BREAKDOWN CHART | J2: TOP 10 HAPPIEST COUNTRIES
